commit	opponent	point_rate	search_score	lower_ci	games	complexity	status	description
228791f	B4	0.492110	0.684040	0.492000	10000000	310	keep	baseline B2 H1-H3
2415f53	B4	0.504610	0.700020	0.504470	10000000	210	keep	exp A: drop H3 same-rank trump defense
35330ec	B4	0.524340	0.725620	0.524090	10000000	100	keep	exp B: drop H2 group-attack H1-only
c263a3a	B4	0.537480	0.732390	0.537230	10000000	100	keep	exp G: endgame open low pair singleton
84c9321	B4	0.545070	0.736500	0.544850	10000000	100	keep	exp H: midgame pair-open + endgame trump-strip
069959b	B4	0.545160	0.736540	0.544930	10000000	100	discard	exp J: void-suit pile pressure (below keep bar)
probe	B4	0.533970	0.730940	0.532410	200000	100	discard	exp K: defense voluntary take (quick regression)
probe	B4	0.544090	0.737270	0.542460	200000	100	discard	exp L: relaxed trump-strip opp<=4 (quick)
probe	B4	0.545510	0.736790	0.543910	200000	100	discard	exp M: late pair-open deck<=6 (quick neutral)
f36cda7	B4	0.547140	0.736890	0.546910	10000000	100	keep	exp P: void pile -8 + finish trump-strip open
7bb300c	B4	0.557490	0.744180	0.557260	10000000	100	keep	exp Q: finish pile low-trump dump endgame
41b5857	B4	0.565430	0.749880	0.565200	10000000	100	keep	exp R: finish mode opp<=3
65e8104	B4	0.580630	0.754520	0.580400	10000000	100	keep	exp S: finish trump dump >=1 trump
f6b5d93	B4	0.585600	0.757360	0.585370	10000000	100	keep	exp V: pile trump dump deck<=3
d7ed0c0	B4	0.591610	0.761110	0.591380	10000000	100	keep	exp Y: pile trump dump deck<=6
bd8b6c5	B4	0.607080	0.770750	0.606850	10000000	100	keep	exp AC: pile trump dump opp<=4
f86282d	B4	0.612060	0.773410	0.611830	10000000	100	keep	exp AD: pile trump dump opp<=5
probe	B4	0.598000	0.760000	0.596000	200000	100	discard	exp AK: open strip opp<=4 (regression)
probe	B4	0.613000	0.772000	0.611000	200000	100	discard	exp AL-AP: pile/open micro probes neutral
d5bca3c	B4	0.619380	0.777420	0.619130	10000000	100	keep	exp AQ: pile trump dump deck<=5
probe	B4	0.621220	0.778500	0.619000	200000	100	discard	exp BY: pair-open deck>=6 maybe (+0.002 quick)
probe	B4	0.621650	0.778870	0.621390	10000000	100	discard	exp CI: pair-open deck>=5 full (+0.0023 sub-gate)
7912e0c	B4	0.626350	0.781250	0.626100	10000000	100	keep	exp CQ: pair deck>=5 + pile trump dump deck<=3
167b02d	B4	0.636760	0.789410	0.636520	10000000	100	keep	exp CZ: CQ combo + endgame open strip opp<=2
probe	B4	0.533970	0.730940	0.532410	200000	100	discard	exp K: defense voluntary take (quick regression)
probe	B4	0.544090	0.737270	0.542460	200000	100	discard	exp L: relaxed trump-strip opp<=4 (quick)
probe	B4	0.545510	0.736790	0.543910	200000	100	discard	exp M: late pair-open deck<=6 (quick neutral)
probe	B4	0.598000	0.760000	0.596000	200000	100	discard	exp AK: open strip opp<=4 (regression)
probe	B4	0.613000	0.772000	0.611000	200000	100	discard	exp AL-AP: pile/open micro probes neutral
probe	B4	0.621220	0.778500	0.619000	200000	100	discard	exp BY: pair-open deck>=6 maybe (+0.002 quick)
probe	B4	0.621650	0.778870	0.621390	10000000	100	discard	exp CI: pair-open deck>=5 full (+0.0023 sub-gate)
probe	B4	0.636070	0.788960	0.634330	200000	100	discard	exp FG: early-trump guard deck>=4 pass if trump best but non-trump exists
probe	B4	0.636070	0.788960	0.634330	200000	100	discard	exp FH: throw-in rank match -10 on pile deck<=3
probe	B4	0.636070	0.788960	0.634330	200000	100	discard	exp FI: endgame pair cap min+4 when deck==0
probe	B4	0.636070	0.788960	0.634330	200000	100	discard	exp FJ: skip pile-on when opp>=5 and deck>=4
probe	B4	0.636070	0.788960	0.634330	200000	100	discard	exp FK: lowest non-trump open when deck==0 opp==1
probe	B4	0.632690	0.787130	0.631000	200000	100	discard	exp FL: pile pass when n_table>=4 and deck>=4
probe	B4	0.636070	0.788960	0.634330	200000	100	discard	exp FM: midgame pair-open only when opp>=2
probe	B4	0.636070	0.788960	0.634330	200000	100	discard	exp FN: pile pass if throw-in rank > min_non_trump+3
probe	B4	0.636070	0.788960	0.634330	200000	100	discard	exp FO: void bonus open path only (no pile void)
probe	B4	0.636070	0.788960	0.634330	200000	100	discard	exp FP: desperate trump open deck==0 trump-only opp<=2
probe	B4	0.635920	0.788870	0.634180	200000	100	discard	exp FQ ablate: remove void bonus entirely
probe	B4	0.631320	0.779620	0.629580	200000	100	discard	exp FR ablate: remove midgame pair-open deck>=5
probe	B4	0.636070	0.788960	0.634330	200000	100	discard	exp FS ablate: open-only void bonus (no pile -8)
probe	B4	0.626310	0.777110	0.624570	200000	100	discard	exp FT ablate: remove endgame pair promotion
probe	B4	0.578110	0.753010	0.576370	200000	100	discard	exp FU ablate: remove finish pile trump dump
probe	B4	0.635790	0.788840	0.634050	200000	100	discard	exp FV combo: void removed + pair deck>=6
probe	B4	0.636070	0.788960	0.634330	200000	100	discard	exp FW combo: open-only void + pile deck<=2
probe	B4	0.636070	0.788960	0.634330	200000	100	discard	exp FX combo: high-rank pile pass opp>=4 deck>=4
probe	B4	0.636070	0.788960	0.634330	200000	100	discard	exp FY combo: open rank match -6 on table rank
probe	B4	0.625590	0.776750	0.623850	200000	100	discard	exp FZ combo: endgame strip opp<=3 + pile deck<=3
probe	B4	0.636160	0.788870	0.634420	200000	100	discard	exp GA: longest-suit open
probe	B4	0.636070	0.788960	0.634330	200000	100	discard	exp GB: pile pass on uncovered table trump
probe	B4	0.636070	0.788960	0.634330	200000	100	discard	exp GC: shortest-suit pile bias
probe	B4	0.636070	0.788960	0.634330	200000	100	discard	exp GD: trump-only hand open lowest trump
probe	B4	0.636070	0.788960	0.634330	200000	100	discard	exp GE: pile only when opp hand <= deck
probe	B4	0.636070	0.788960	0.634070	200000	110	discard	exp GF sweep trump penalty +92
probe	B4	0.636070	0.788960	0.634070	200000	110	discard	exp GG sweep trump penalty +96
probe	B4	0.636070	0.788960	0.634070	200000	100	discard	exp GH sweep trump penalty +100
probe	B4	0.636070	0.788960	0.634070	200000	110	discard	exp GI sweep trump penalty +104
probe	B4	0.636070	0.788960	0.634070	200000	110	discard	exp GJ sweep trump penalty +108
probe	B4	0.635920	0.788870	0.634180	200000	100	discard	exp GK combo: void remove hold CZ quick
probe	B4	0.636640	0.789380	0.635380	1000000	100	discard	exp GK medium: void remove −0.00012 B4
probe	B4	0.635790	0.788840	0.634050	200000	100	discard	exp GL combo: void remove + pair deck>=6 quick
probe	B4	0.636520	0.789330	0.635260	1000000	100	discard	exp GL medium: void remove + pair>=6
probe	B4	0.636070	0.788960	0.634330	200000	100	discard	exp GM: open void bonus -4
probe	B4	0.636070	0.788960	0.634330	200000	100	discard	exp GN: pile void bonus -9
probe	B4	0.634700	0.787900	0.632960	200000	100	discard	exp GO combo: void remove + strip opp==2 only
probe	B4	0.636070	0.788960	0.634070	200000	100	discard	exp GP sweep open void -3 pile -8
probe	B4	0.636070	0.788960	0.634070	200000	100	discard	exp GQ sweep open void -6 pile -8
probe	B4	0.636080	0.788960	0.634080	200000	100	discard	exp GR sweep open void -5 pile -6
probe	B4	0.636070	0.788960	0.634070	200000	100	discard	exp GS sweep open void -5 pile -10
probe	B4	0.636070	0.788960	0.634070	200000	100	discard	exp GT sweep open void -4 pile -9
probe	B4	0.635780	0.788760	0.634040	200000	100	discard	exp GU combo: pair>=5 + pile<=2
probe	B4	0.630840	0.784840	0.629100	200000	100	discard	exp GV combo: pair>=5 + pile<=4
probe	B4	0.636070	0.788960	0.634330	200000	100	discard	exp GW combo: pair>=6 + pile<=3
probe	B4	0.636070	0.788960	0.634330	200000	100	discard	exp GX combo: pair>=4 + pile<=3
probe	B4	0.635920	0.788870	0.634180	200000	100	discard	exp GY combo: void remove + CZ timing quick
probe	B4	0.636640	0.789380	0.635380	1000000	100	discard	exp GY medium: void remove + CZ timing
probe	B4	0.625590	0.784590	0.623810	200000	100	discard	exp HA: strip opp<=3
probe	B4	0.624700	0.783700	0.622970	200000	100	discard	exp HB: pair-open when opp<=3
probe	B4	0.636070	0.788960	0.634330	200000	100	discard	exp HC: pile pass when opp>=6
probe	B4	0.642530	0.793220	0.640770	200000	100	discard	exp HD: strip deck<=2 opp<=2 quick
probe	B4	0.643230	0.793650	0.642450	1000000	100	discard	exp HD medium: strip deck<=2
probe	B4	0.643180	0.793580	0.642930	10000000	100	discard	exp HD full: strip deck<=2 (search +0.004 below keep bar)
probe	B4	0.636070	0.788960	0.634330	200000	100	discard	exp HF sweep strip deck==0 control
probe	B4	0.617840	0.776840	0.616100	200000	100	discard	exp HG sweep strip deck==1
probe	B4	0.642530	0.793220	0.640770	200000	100	discard	exp HH sweep strip deck<=2
probe	B4	0.641630	0.792320	0.639860	200000	100	discard	exp HI sweep strip deck<=3 quick
probe	B4	0.642270	0.792940	0.641490	1000000	100	discard	exp HI medium: strip deck<=3
probe	B4	0.625250	0.777250	0.623520	200000	100	discard	exp HJ sweep strip deck<=1 opp<=1
probe	B4	0.626050	0.778050	0.624310	200000	100	discard	exp HK exploit strip deck==2 only
probe	B4	0.626890	0.778890	0.625150	200000	100	discard	exp HL exploit strip deck 1|2
probe	B4	0.631290	0.783290	0.629550	200000	100	discard	exp HM exploit strip deck<=2 opp<=3
probe	B4	0.641850	0.792870	0.640090	200000	100	discard	exp HO strip deck 0|2 exclude 1 quick
probe	B4	0.642510	0.793320	0.641720	1000000	100	discard	exp HO medium: strip deck 0|2
probe	B4	0.642460	0.793260	0.642210	10000000	100	discard	exp HO full: strip deck 0|2 (search +0.004 below keep bar)
probe	B4	0.642410	0.793210	0.640650	200000	100	discard	exp HP combo deck<=2 strip + void remove
probe	B4	0.642240	0.793040	0.640480	200000	100	discard	exp HQ combo deck<=2 strip + pile deck<=2
probe	B4	0.642450	0.793250	0.640690	200000	100	discard	exp HR combo deck<=2 strip + pair deck>=6 quick
probe	B4	0.643130	0.793620	0.642350	1000000	100	discard	exp HR medium: deck<=2 + pair>=6
probe	B4	0.643070	0.793550	0.642820	10000000	100	discard	exp HR full: deck<=2 + pair>=6 (search +0.004 below keep bar)
probe	B4	0.631030	0.782030	0.629290	200000	100	discard	exp HS combo deck<=2 strip + opp<=1
probe	B4	0.628510	0.780510	0.626770	200000	100	discard	exp HT combo deck<=2 + pile opp<=4
probe	B4	0.636730	0.788730	0.634990	200000	100	discard	exp HV combo deck<=2 + pile deck<=4
probe	B4	0.636370	0.788370	0.634630	200000	100	discard	exp HY combo deck<=2 + pile deck<=5
probe	B4	0.615400	0.768400	0.613660	200000	100	discard	exp HZ combo deck<=2 + pile opp<=3
probe	B4	0.642530	0.793220	0.640770	200000	100	discard	exp HU dual HD deck<=2 strip reconfirm
probe	B4	0.641850	0.792870	0.640090	200000	100	discard	exp IE additive strip deck==2 only quick
probe	B4	0.642510	0.793320	0.641720	1000000	100	discard	exp IE medium: additive strip deck==2
probe	B4	0.641850	0.792870	0.640090	200000	100	discard	exp IF ablate HD deck 0|2 strip
probe	B4	0.584430	0.736430	0.582690	200000	100	discard	exp IG ablate HD minus pile dump
probe	B4	0.642450	0.793250	0.640690	200000	100	discard	exp IH ablate HD pair>=6 (HR class)
probe	B4	0.636070	0.788960	0.634330	200000	100	discard	exp II ablate HD minus strip (CQ control)
probe	B4	0.642330	0.793130	0.640570	200000	100	discard	exp IJ combo HD pair>=6 + void remove
probe	B4	0.642040	0.792840	0.640280	200000	100	discard	exp IL combo HD pair>=7
probe	B4	0.642530	0.793220	0.640770	200000	100	discard	exp IM sweep HD pair>=5 (best cell)
probe	B4	0.642450	0.793250	0.640690	200000	100	discard	exp IN sweep HD pair>=6
probe	B4	0.642040	0.792840	0.640280	200000	100	discard	exp IO sweep HD pair>=7
probe	B4	0.641870	0.792670	0.640110	200000	100	discard	exp IP sweep HD pair>=8
probe	B4	0.637860	0.789860	0.636120	200000	100	discard	exp IQ sweep HD pair>=4
probe	B4	0.636070	0.788960	0.634330	200000	100	discard	exp IR pivot defense take deck==0 opp<=2
probe	B4	0.636070	0.788960	0.634330	200000	100	discard	exp IS pivot pile trump deck==0 opp==0
probe	B4	0.636070	0.788960	0.634330	200000	100	discard	exp IT pivot high trump strip deck==1
probe	B4	0.635690	0.788590	0.633950	200000	100	discard	exp IU pivot skip pile n_table>=5
probe	B4	0.636070	0.788960	0.634330	200000	100	discard	exp IW pivot defense trump penalty deck==0
probe	B4	0.636070	0.788960	0.634330	200000	100	discard	exp IX pivot defend take trump rank>=10
probe	B4	0.633330	0.786330	0.631590	200000	100	discard	exp IY pivot pile trump deck==0 any opp
probe	B4	0.636070	0.788960	0.634330	200000	100	discard	exp JA pivot split pair deck==0 strip deck 1-2
probe	B4	0.642530	0.793220	0.640770	200000	100	discard	exp HD dual reconfirm batch-43
probe	B4	0.642410	0.793210	0.640650	200000	100	discard	exp JB combo HD + void remove
probe	B4	0.636370	0.788370	0.634630	200000	100	discard	exp JC combo HD + pile deck<=5
probe	B4	0.642530	0.793220	0.640770	200000	100	discard	exp JD combo HD + high trump strip deck==1
probe	B4	0.643230	0.793650	0.642450	1000000	100	discard	exp HD medium reconfirm batch-43
probe	B4	0.643230	0.793650	0.642450	1000000	100	discard	exp JE batch-44 HD medium reconfirm (skip full search +0.0042)
probe	B4	0.636070	0.788960	0.634330	200000	100	discard	exp JF defense take trump rank>=10
probe	B4	0.636070	0.788960	0.634330	200000	100	discard	exp JG defense cap non-trump rank<=8
probe	B4	0.636070	0.788960	0.634330	200000	100	discard	exp JH defense trump cost 70 deck<=2
probe	B4	0.636070	0.788960	0.634330	200000	100	discard	exp JI defense take cover rank>=11 deck==0
probe	B4	0.405410	0.560410	0.403670	200000	100	discard	exp JJ defense take opp<=2 deck<=1
probe	B4	0.624830	0.781830	0.623090	200000	100	discard	exp JL pair-open hand size<=4
probe	B4	0.631030	0.786030	0.629290	200000	100	discard	exp JM strip deck<=2 opp==1 only
probe	B4	0.557470	0.712470	0.555730	200000	100	discard	exp JK pile rank-match throw-in
probe	B4	0.626710	0.781710	0.624970	200000	100	discard	exp JN pair-open hand<=3
probe	B4	0.610470	0.766470	0.608730	200000	100	discard	exp JO pile pass hand==1
probe	B4	0.627080	0.782080	0.625340	200000	100	discard	exp JP pile pass only-trump deck==0
probe	B4	0.636070	0.788960	0.634330	200000	100	discard	exp JQ void bonus pile -12 open -7
probe	B4	0.636070	0.788960	0.634330	200000	100	discard	exp JR trump attack penalty 90
probe	B4	0.634480	0.787480	0.632740	200000	100	discard	exp JS pair-open cap min+1
probe	B4	0.618850	0.772850	0.617110	200000	100	discard	exp JT pile trump deck<=2 opp<=4
probe	B4	0.642530	0.793220	0.640770	200000	100	discard	exp JV combo HD + defense trump cost 60 deck==0
probe	B4	0.643230	0.793650	0.642450	1000000	100	discard	exp JV medium: HD + defense trump cost 60
probe	B4	0.624550	0.775550	0.622810	200000	100	discard	exp JW strip opp==1 only
probe	B4	0.591470	0.743470	0.589730	200000	100	discard	exp JX pile trump deck<=1 opp<=2
probe	B4	0.631030	0.786030	0.629290	200000	100	discard	exp JY HD strip deck<=2 opp==1
probe	B4	0.635770	0.789770	0.634030	200000	100	discard	exp JZ pile extra when deck<=1 opp<=2
probe	B4	0.635920	0.788880	0.634180	200000	100	discard	exp KA ablate void bonus off
probe	B4	0.631320	0.784320	0.629580	200000	100	discard	exp KB ablate pair-open off
probe	B4	0.626460	0.779460	0.624720	200000	100	discard	exp KC ablate open strip off
probe	B4	0.578110	0.732110	0.576370	200000	100	discard	exp KD ablate pile trump dump off
probe	B4	0.642410	0.793210	0.640650	200000	100	discard	exp KE combo HD + void remove quick
probe	B4	0.643100	0.793580	0.642320	1000000	100	discard	exp KE medium: HD + void remove
probe	B4	0.643180	0.793580	0.642930	10000000	100	discard	exp KF batch-50 HD full re-run (search +0.00417)
probe	B4	0.636070	0.788960	0.634330	200000	100	discard	exp KR void bonus pile-only
probe	B4	0.643230	0.793650	0.642450	1000000	100	discard	exp KS medium: HD + void pile-only
probe	B4	0.636070	0.788960	0.634330	200000	100	discard	exp KU additive strip deck 1-2 no singleton
probe	B4	0.642240	0.793040	0.640480	200000	100	discard	exp KV combo HD + pile deck<=2
probe	B4	0.622570	0.773570	0.620830	200000	100	discard	exp KW combo HD + pair-open deck<=2
probe	B4	0.642500	0.793300	0.640740	200000	100	discard	exp KX combo HD + void when deck<=3
probe	B4	0.628290	0.780290	0.626550	200000	100	discard	exp KY combo HD + pile deck<=2 opp<=4
probe	B4	0.643180	0.793580	0.641400	200000	100	discard	exp KZ combo HD + pair cap min+3 quick
probe	B4	0.642530	0.793220	0.640770	200000	100	discard	exp LA HD control batch-51
probe	B4	0.643480	0.793380	0.642670	1000000	100	discard	exp KZ medium: HD + pair cap min+3
probe	B4	0.643370	0.793350	0.643110	10000000	100	discard	exp KZ full: HD + pair cap min+3 (search +0.004 below keep bar)
probe	B4	0.636820	0.788820	0.635080	200000	100	discard	exp LB pair cap min+3 only (neutral alone)
probe	B4	0.640920	0.791920	0.639180	200000	100	discard	exp LC sweep HD pair min+1
probe	B4	0.642530	0.793220	0.640770	200000	100	discard	exp LD sweep HD pair min+2
probe	B4	0.643180	0.793580	0.641400	200000	100	discard	exp LE sweep HD pair min+3
probe	B4	0.642260	0.793260	0.640500	200000	100	discard	exp LF sweep HD pair min+4
probe	B4	0.643480	0.793380	0.642670	1000000	100	discard	exp LE medium: HD pair min+3 reconfirm
probe	B4	0.643090	0.793090	0.641310	200000	100	discard	exp LG combo KZ + void remove quick
probe	B4	0.643090	0.793320	0.641830	1000000	100	discard	exp LG medium: KZ + void remove
probe	B4	0.643180	0.793580	0.641400	200000	100	discard	exp LH combo KZ + void pile-only
probe	B4	0.637710	0.788710	0.635970	200000	100	discard	exp LI combo KZ + pile deck<=4
probe	B4	0.643180	0.793580	0.641400	200000	100	discard	exp LK combo KZ + trump penalty 95
probe	B4	0.637310	0.788310	0.635570	200000	100	discard	exp LL combo KZ + pile deck<=5
probe	B4	0.642530	0.793220	0.640770	200000	100	discard	exp LJ HD dual reconfirm batch-53
probe	B4	0.642530	0.793220	0.640770	200000	100	discard	exp LP HD + pair min+3 midgame-only (=HD)
probe	B4	0.636050	0.788950	0.634310	200000	100	discard	exp LM pivot pile suit diversity penalty
probe	B4	0.605600	0.759600	0.603860	200000	100	discard	exp MA open longest suit deck>=4
probe	B4	0.557470	0.712470	0.555730	200000	100	discard	exp MB pile soft rank-match
probe	B4	0.620430	0.774430	0.618690	200000	100	discard	exp MC HD strip requires >=2 trumps
probe	B4	0.636070	0.788960	0.634330	200000	100	discard	exp MD split strip deck<=2 pair deck==0
probe	B4	0.643230	0.793650	0.642450	1000000	100	discard	exp LO HD medium reconfirm batch-54
probe	B4	0.636070	0.788960	0.634330	200000	100	discard	exp ME open lowest when hand==1
probe	B4	0.636070	0.788960	0.634330	200000	100	discard	exp MF defense cost n_table*2
probe	B4	0.578110	0.732110	0.576370	200000	100	discard	exp MG pile pass if only trump
probe	B4	0.623550	0.779550	0.621810	200000	100	discard	exp MH defense take n_table>=4 trump
probe	B4	0.629500	0.775500	0.627760	200000	100	discard	exp MO HD + pair opp>=4 batch-56
probe	B4	0.642240	0.792240	0.640500	200000	100	discard	exp MP HD + pile deck<=2 batch-56
probe	B4	0.642530	0.793220	0.640770	200000	100	discard	exp MQ HD + defend cost -5 deck<=2 batch-56
probe	B4	0.642530	0.793220	0.640770	200000	100	discard	exp MR HD + void -10 deck<=3 batch-56
probe	B4	0.642530	0.793220	0.640770	200000	100	discard	exp MS HD + high trump open deck==1 batch-56
probe	B4	0.578110	0.732110	0.576370	200000	100	discard	exp MT only-trump pile pass batch-57
probe	B4	0.641850	0.792650	0.640110	200000	100	discard	exp MU strip deck 0|2 only batch-57
probe	B4	0.584430	0.756430	0.582690	200000	100	discard	exp MV HD + only-trump pile pass batch-57
probe	B4	0.643180	0.793380	0.641440	500000	100	discard	exp MW HD + pair min+3 (=KZ) medium batch-57
probe	B4	0.636370	0.788370	0.634630	200000	100	discard	exp MX pair cap min+4 batch-57
probe	B4	0.622010	0.774010	0.620270	200000	100	discard	exp NG HD + pile trump deck<=1 batch-58
probe	B4	0.615400	0.767400	0.613660	200000	100	discard	exp NH HD + pile trump opp<=3 batch-58
probe	B4	0.584430	0.756430	0.582690	200000	100	discard	exp NJ HD ablate pile trump dump batch-58
probe	B4	0.638620	0.790620	0.636880	200000	100	discard	exp NK HD + second-lowest trump strip batch-58
probe	B4	0.640920	0.792650	0.639180	200000	100	discard	exp NL HD + pair min+1 batch-59
probe	B4	0.638300	0.791300	0.636560	200000	100	discard	exp NM HD + pair exact min batch-59
probe	B4	0.636070	0.788960	0.634330	200000	100	discard	exp NN defense trump penalty 35 batch-59
probe	B4	0.636070	0.788960	0.634330	200000	100	discard	exp NO defense trump penalty 65 batch-59
probe	B4	0.631030	0.783030	0.629290	200000	100	discard	exp NP HD strip opp==1 only batch-59
probe	B4	0.578110	0.732110	0.576370	200000	100	discard	exp NQ CZ ablate pile trump dump batch-60
probe	B4	0.631320	0.779620	0.629580	200000	100	discard	exp NR CZ ablate pair-open deck>=5 batch-60
probe	B4	0.635920	0.788870	0.634180	200000	100	discard	exp NS CZ ablate void-suit bonus batch-60
probe	B4	0.626460	0.777460	0.624720	200000	100	discard	exp NT CZ ablate trump strip open batch-60
probe	B4	0.584430	0.756430	0.582690	200000	100	discard	exp NU HD ablate pile trump dump batch-60
probe	B4	0.612150	0.770030	0.610410	200000	100	discard	exp OA open longest suit deck>=7 batch-61
probe	B4	0.557470	0.712470	0.555730	200000	100	discard	exp OB pile rank-match table batch-61
probe	B4	0.635690	0.788760	0.633950	200000	100	discard	exp OC pass n_table>=5 no NT batch-61
probe	B4	0.610670	0.769290	0.608930	200000	100	discard	exp OD skip strip trump count==1 batch-61
probe	B4	0.635830	0.788850	0.634090	200000	100	discard	exp OE pile suit diversity +5 batch-61
probe	B4	0.578450	0.753180	0.576710	200000	100	discard	exp OF pile rank-match attack only batch-62
probe	B4	0.634130	0.787920	0.632390	200000	100	discard	exp OG pass n_table>=4 no NT batch-62
probe	B4	0.635840	0.788850	0.634100	200000	100	discard	exp OI pile suit diversity +3 batch-62
probe	B4	0.636070	0.788960	0.634330	200000	100	discard	exp OJ open trump when all-trump hand batch-62
probe	B4	0.636070	0.788960	0.634330	200000	100	discard	exp OK strip requires >=2 trumps batch-63
probe	B4	0.631430	0.779670	0.629690	200000	100	discard	exp OL pair-open deck>=4 batch-63
probe	B4	0.636070	0.788960	0.634330	200000	100	discard	exp OM void bonus -7 open batch-63
probe	B4	0.607180	0.767550	0.605440	200000	100	discard	exp ON pile trump opp<=3 batch-63
probe	B4	0.636070	0.788960	0.634330	200000	100	discard	exp OO defend same-suit -3 batch-63
probe	B4	0.642090	0.792090	0.640350	200000	100	discard	exp OX HD + pass n_table>=5 batch-64
probe	B4	0.643090	0.793590	0.641350	500000	100	discard	exp OY HD + new-suit bonus -3 medium batch-64
probe	B4	0.635840	0.788850	0.634090	200000	100	discard	exp OZ new-suit bonus -3 CZ batch-64
probe	B4	0.586700	0.756700	0.584960	200000	100	discard	exp PA skip pile trump n_table<3 batch-64
probe	B4	0.624060	0.774060	0.622320	200000	100	discard	exp PB open mnt+1 deck>=5 batch-64
probe	B4	0.083750	0.505830	0.082010	200000	100	discard	exp PC take all-trump covers deck<=3 batch-65
probe	B4	0.054180	0.491050	0.052440	200000	100	discard	exp PD skip trump vs non-trump attack batch-65
probe	B4	0.636070	0.788960	0.634330	200000	100	discard	exp PE defend cost + rank gap batch-65
probe	B4	0.625030	0.776470	0.623290	200000	100	discard	exp PF take all-trump n_table>=4 batch-65
probe	B4	0.636070	0.788960	0.634330	200000	100	discard	exp PG defend same-suit -3 batch-65
probe	B4	0.636070	0.788960	0.634330	200000	100	discard	exp PH take min-trump if NT exists deck<=3 batch-66
probe	B4	0.636070	0.788960	0.634330	200000	100	discard	exp PJ defense trump penalty +40 batch-66
probe	B4	0.636070	0.788960	0.634330	200000	100	discard	exp PK defense trump penalty +60 batch-66
probe	B4	0.636070	0.788960	0.634330	200000	100	discard	exp PL defense trump penalty +55 batch-66
probe	B4	0.636070	0.788960	0.634330	200000	100	discard	exp PM PH logic deck<=2 batch-66
probe	B4	0.625590	0.777590	0.623850	200000	100	discard	exp PN strip opp<=3 CZ batch-67
probe	B4	0.635780	0.788780	0.634040	200000	100	discard	exp PO pile trump deck<=2 batch-67
probe	B4	0.642240	0.792240	0.640500	200000	100	discard	exp PP HD + pile deck<=2 batch-67
probe	B4	0.631290	0.779670	0.629550	200000	100	discard	exp PQ HD + strip opp<=3 batch-67
probe	B4	0.631320	0.779620	0.629580	200000	100	discard	exp PR pair-open opp<=4 gate batch-67
probe	B4	0.626820	0.777370	0.625080	200000	100	discard	exp PS strip hand<=3 batch-68
probe	B4	0.575230	0.751570	0.573490	200000	100	discard	exp PT pile trump hand<=4 batch-68
probe	B4	0.636070	0.788960	0.634330	200000	100	discard	exp PU pair-open opp>=5 batch-68
probe	B4	0.630970	0.779440	0.629230	200000	100	discard	exp PV pile pass hand<=2 trump batch-68
probe	B4	0.636070	0.788960	0.634330	200000	100	discard	exp PW open trump hand<=2 no NT batch-68
probe	B4	0.624210	0.774210	0.622470	200000	100	discard	exp PY strip hand<=2 batch-69
probe	B4	0.626820	0.777370	0.625080	200000	100	discard	exp PZ strip hand<=3 deck<=2 batch-69
probe	B4	0.584780	0.756780	0.583040	200000	100	discard	exp QA HD + pile hand<=4 batch-69
probe	B4	0.636070	0.788960	0.634330	200000	100	discard	exp QB pair-open opp>=4 batch-69
probe	B4	0.601070	0.771070	0.599330	200000	100	discard	exp QC pile hand<=3 deck<=3 batch-69
probe	B4	0.636070	0.788960	0.634330	200000	100	discard	exp QD void -10 pile n_table>=2 batch-70
probe	B4	0.586700	0.756700	0.584960	200000	100	discard	exp QE pile trump n_table>=3 batch-70
probe	B4	0.636070	0.788960	0.634330	200000	100	discard	exp QF pair-open n_table==0 batch-70
probe	B4	0.643230	0.793650	0.642450	500000	100	discard	exp HD medium control batch-71
probe	B4	0.642090	0.792090	0.640350	200000	100	discard	exp QG HD + n_table>=5 pass batch-71
probe	B4	0.642530	0.793220	0.640770	200000	100	discard	exp QH HD + void -10 n_table>=2 batch-71
probe	B4	0.642240	0.792240	0.640500	200000	100	discard	exp QI HD + pile deck<=2 batch-71
probe	B4	0.641570	0.791570	0.639830	200000	100	discard	exp QJ HD + strip opp==2 batch-71
probe	B4	0.642740	0.793400	0.641000	500000	100	discard	exp QG HD + n_table pass medium batch-71
probe	B4	0.642940	0.793450	0.641200	500000	100	discard	exp QI HD + pile deck<=2 medium batch-71
probe	B4	0.643090	0.793590	0.641350	500000	100	discard	exp QK HD + new-suit -3 medium batch-71
probe	B4	0.642350	0.793140	0.640610	200000	100	discard	exp QK HD + new-suit -3 fixed batch-72
probe	B4	0.642100	0.792990	0.640360	200000	100	discard	exp QL HD + pass + void n_table batch-72
probe	B4	0.641800	0.792780	0.640060	200000	100	discard	exp QM HD + pile deck<=2 + pass batch-72
probe	B4	0.642530	0.793220	0.640770	200000	100	discard	exp QN HD + void -10 global pile batch-72
probe	B4	0.642240	0.793010	0.640500	200000	100	discard	exp QO HD + pile deck<=2 + void batch-72
probe	B4	0.638300	0.791300	0.636560	200000	100	discard	exp QS HD ablate pair-open batch-73
probe	B4	0.642410	0.793210	0.640670	200000	100	discard	exp QT HD ablate void bonus batch-73
probe	B4	0.584430	0.756430	0.582690	200000	100	discard	exp QU HD ablate pile trump batch-73
probe	B4	0.626310	0.777310	0.624570	200000	100	discard	exp QV HD ablate pair-skip batch-73
probe	B4	0.643230	0.793650	0.642450	500000	100	discard	exp RA HD medium reconfirm batch-74
probe	B4	0.642530	0.793220	0.640770	200000	100	discard	exp RA HD dual reconfirm batch-74
probe	B4	0.641850	0.792870	0.640110	200000	100	discard	exp RB HD strip deck 0|2 batch-74
probe	B4	0.626050	0.776980	0.624310	200000	100	discard	exp RC HD strip deck==2 only batch-74
probe	B4	0.642410	0.793210	0.640670	200000	100	discard	exp RD HD ablate void batch-74
probe	B4	0.636780	0.789310	0.635040	200000	100	discard	exp RE HD strip deck<=1 batch-74
probe	B4	0.636070	0.788960	0.634330	200000	100	discard	exp RF CZ additive strip deck==2 batch-75
probe	B4	0.641570	0.791570	0.639830	200000	100	discard	exp RG HD strip opp==2 batch-75
probe	B4	0.636070	0.788960	0.634330	200000	100	discard	exp RH HD strip opp==1 deck>=1 batch-75
probe	B4	0.628510	0.779510	0.626770	200000	100	discard	exp RI HD pile opp<=4 batch-75
probe	B4	0.643480	0.793380	0.641740	500000	100	discard	exp RJ HD pair min+3 medium batch-75
probe	B4	0.62455	0.77623	0.62281	200000	100	discard	exp RK strip opp==1 only batch-76
probe	B4	0.59228	0.76010	0.59054	200000	100	discard	exp RL pile deck<=2 opp<=2 batch-76
probe	B4	0.63239	0.78725	0.63065	200000	100	discard	exp RM pair when hand>opp batch-76
probe	B4	0.62855	0.77823	0.62681	200000	100	discard	exp RN skip pile trump opp<=2 batch-76
probe	B4	0.63103	0.77947	0.62929	200000	100	discard	exp RO strip deck<=2 opp<=1 batch-76
probe	B4	0.63484	0.78858	0.6331	200000	100	discard	exp RP strip opp==2 only batch-77
probe	B4	0.60705	0.76748	0.60531	200000	100	discard	exp RQ pile deck<=2 opp<=3 batch-77
probe	B4	0.63200	0.78712	0.63026	200000	100	discard	exp RR pair when hand>=opp+2 batch-77
probe	B4	0.63607	0.78896	0.63433	200000	100	discard	exp RS void -10 pile opp<=3 batch-77
probe	B4	0.62003	0.77397	0.61829	200000	100	discard	exp RT pile trump opp>=4 batch-77
probe	B4	0.63143	0.77967	0.62969	200000	100	discard	exp RU pair deck>=4 CZ batch-78
probe	B4	0.57640	0.75216	0.57466	200000	100	discard	exp RV strip trump==1 deck==0 batch-78
probe	B4	0.63678	0.78931	0.63504	200000	100	discard	exp RW endgame pair deck<=1 batch-78
probe	B4	0.63753	0.78981	0.63579	500000	100	discard	exp RW endgame pair deck<=1 medium batch-78
probe	B4	0.63607	0.78896	0.63433	200000	100	discard	exp RX void -11/-4 asymmetric batch-78
probe	B4	0.63097	0.77944	0.62923	200000	100	discard	exp RY pile when hand>=3 batch-78
probe	B4	0.63607	0.78896	0.63433	200000	100	discard	exp SA endgame pair deck==0 CZ control batch-79
probe	B4	0.61784	0.77288	0.6161	200000	100	discard	exp SB endgame pair deck==1 only batch-79
probe	B4	0.63678	0.78931	0.63504	200000	100	discard	exp SC endgame pair deck<=1 RW batch-79
probe	B4	0.64253	0.79322	0.64079	200000	100	discard	exp SD endgame pair deck<=2 pair strip deck==0 batch-79
probe	B4	0.62605	0.77698	0.62431	200000	100	discard	exp SE endgame pair deck==2 only batch-79
probe	B4	0.64323	0.79365	0.64149	500000	100	discard	exp SD endgame pair deck<=2 medium batch-79
probe	B4	0.64253	0.79322	0.64079	200000	100	discard	exp SD endgame pair deck<=2 dual batch-79
probe	B4	0.64318	0.79358	0.64293	5000000	100	discard	exp SD endgame pair deck<=2 full batch-79
probe	B4	0.64318	0.79325	0.64144	200000	100	discard	exp SF SD+pair cap min+3 batch-80
probe	B4	0.64253	0.79322	0.64079	200000	100	discard	exp SG SD+void -10 pile opp<=3 batch-80
probe	B4	0.63384	0.78864	0.6321	200000	100	discard	exp SH SD+ablate strip batch-80
probe	B4	0.64224	0.79301	0.6405	200000	100	discard	exp SI SD+pile deck<=2 batch-80
probe	B4	0.63678	0.78931	0.63504	200000	100	discard	exp SJ SD+skip pair deck==2 batch-80
probe	B4	0.64348	0.79338	0.64174	500000	100	discard	exp SF SD+pair min+3 medium batch-80
probe	B4	0.64337	0.79335	0.64311	5000000	100	discard	exp SF SD+pair min+3 full batch-80
probe	B4	0.63830	0.79136	0.63656	200000	100	discard	exp SK SD+midgame pair-off batch-81
probe	B4	0.64241	0.79315	0.64067	200000	100	discard	exp SL SD+void bonus remove batch-81
probe	B4	0.64129	0.79249	0.63955	200000	100	discard	exp SM SD+pile pass hand==1 batch-81
probe	B4	0.62914	0.77853	0.6274	200000	100	discard	exp SN SD+endgame pair cap min+1 batch-81
probe	B4	0.58443	0.75617	0.58269	200000	100	discard	exp SO SD+ablate pile trump batch-81
probe	B4	0.64310	0.79358	0.64136	500000	100	discard	exp SL SD+void remove medium batch-81
probe	B4	0.64307	0.79352	0.64282	5000000	100	discard	exp SL SD+void remove full batch-81
probe	B4	0.63678	0.78931	0.63504	200000	100	discard	exp SP SD ablate deck==2 pair off batch-82
probe	B4	0.64253	0.79322	0.64079	200000	100	discard	exp SQ SD ablate deck==1 pair off batch-82
probe	B4	0.63830	0.79136	0.63656	200000	100	discard	exp SR SD ablate midgame pair off batch-82
probe	B4	0.63384	0.78864	0.6321	200000	100	discard	exp SS SD ablate strip off batch-82
probe	B4	0.58443	0.75617	0.58269	200000	100	discard	exp ST SD ablate pile trump off batch-82
probe	B4	0.63465	0.78986	0.63291	200000	100	discard	exp SU SD pair deck==2 only batch-82
probe	B4	0.64185	0.79287	0.64011	200000	100	discard	exp SV CZ+deck==2 pair additive batch-82
probe	B4	0.64251	0.79332	0.64077	500000	100	discard	exp SQ SD deck==1 pair off medium batch-82
probe	B4	0.64253	0.79322	0.64079	200000	100	discard	exp SX deck==2 pair hand>=4 batch-83
probe	B4	0.63678	0.78931	0.63504	200000	100	discard	exp SY deck==2 pair opp<=4 batch-83
probe	B4	0.64255	0.79323	0.64081	200000	100	discard	exp SZ deck==2 pair mnt<=6 batch-83
probe	B4	0.63678	0.78931	0.63504	200000	100	discard	exp TB deck==2 pair hand>=3 opp<=5 batch-83
probe	B4	0.64185	0.79287	0.64011	200000	100	discard	exp TA SV split blocks batch-83
probe	B4	0.64251	0.79332	0.64077	500000	100	discard	exp SW SV medium batch-83
probe	B4	0.64163	0.79253	0.63989	200000	100	discard	exp TC deck<=3 pair unified strip deck==0 batch-84
probe	B4	0.63830	0.79136	0.63656	200000	100	discard	exp TG SD midgame pair-off batch-84
probe	B4	0.63524	0.78835	0.6335	200000	100	discard	exp TD deck==3 pair additive batch-84
probe	B4	0.64253	0.79322	0.64079	200000	100	discard	exp TE deck 1|2 pair additive batch-84
probe	B4	0.64099	0.79223	0.63925	200000	100	discard	exp TF deck 2|3 pair additive batch-84
probe	B4	0.63678	0.78931	0.63504	200000	100	discard	exp TH SD deck==2 pair total<=10 batch-85
probe	B4	0.64253	0.79322	0.64079	200000	100	discard	exp TI SD deck==2 pair n_table==0 batch-85
probe	B4	0.64253	0.79322	0.64079	200000	100	discard	exp TJ SD deck==2 pair opp>=3 batch-85
probe	B4	0.64224	0.79301	0.6405	200000	100	discard	exp TK SD pile deck<=2 only batch-85
probe	B4	0.62043	0.77417	0.61869	200000	100	discard	exp TL SD strip trump>=2 deck==0 batch-85
probe	B4	0.64253	0.79322	0.64079	200000	100	discard	exp TM total gate total>10 only batch-86
probe	B4	0.63678	0.78931	0.63504	200000	100	discard	exp TN total gate total<=8 batch-86
probe	B4	0.63678	0.78931	0.63504	200000	100	discard	exp TO total gate total<=12 batch-86
probe	B4	0.64256	0.79324	0.64082	200000	100	discard	exp TP total gate total<=14 batch-86
probe	B4	0.64261	0.79329	0.64087	200000	100	discard	exp TQ total gate total<=16 batch-86
probe	B4	0.64337	0.79376	0.64163	500000	100	discard	exp TQ total<=16 medium batch-86
probe	B4	0.64332	0.79368	0.64307	5000000	100	discard	exp TQ total<=16 full batch-86
probe	B4	0.64256	0.79324	0.64082	200000	100	discard	exp TR total<=15 batch-87
probe	B4	0.64261	0.79329	0.64087	200000	100	discard	exp TS total<=17 batch-87
probe	B4	0.64257	0.79323	0.64083	200000	100	discard	exp TT total<=18 batch-87
probe	B4	0.64233	0.79308	0.64059	200000	100	discard	exp TU total<=16 pile deck<=2 batch-87
probe	B4	0.64261	0.79328	0.64087	200000	100	discard	exp TV TQ total<=16 dual batch-87
probe	B4	0.64337	0.79376	0.64163	500000	100	discard	exp TS total<=17 medium batch-87
probe	B4	0.64334	0.79373	0.6416	500000	100	discard	exp TR total<=15 medium batch-87
probe	B4	0.64337	0.79376	0.64163	500000	100	discard	exp TQ total<=16 medium batch-87
probe	B4	0.64328	0.79332	0.64154	200000	100	discard	exp TW TQ+pair min+3 batch-88
probe	B4	0.64250	0.79322	0.64076	200000	100	discard	exp TX TQ+void remove batch-88
probe	B4	0.64233	0.79308	0.64059	200000	100	discard	exp TY TQ+pile deck<=2 batch-88
probe	B4	0.63835	0.79141	0.63661	200000	100	discard	exp TZ TQ+midgame pair off batch-88
probe	B4	0.64261	0.79329	0.64087	200000	100	discard	exp UA TQ+total<=17 gate batch-88
probe	B4	0.64363	0.79348	0.64189	500000	100	discard	exp TW TQ+TW medium batch-88
probe	B4	0.64351	0.79345	0.64177	5000000	100	discard	exp TW full batch-88
probe	B4	0.64253	0.79322	0.64077	200000	100	discard	exp UB SD ablate TQ total gate off batch-89
probe	B4	0.63607	0.78896	0.63431	200000	100	discard	exp UC CZ ablate deck<=2 pair (SP ref) batch-89
probe	B4	0.64261	0.79329	0.64085	200000	100	discard	exp UD TQ deck==2 pair total 11-16 window batch-89
probe	B4	0.64261	0.79329	0.64085	200000	100	discard	exp UE TQ control midgame min+2 batch-89
probe	B4	0.64192	0.79294	0.64016	200000	100	discard	exp UF deck==2+total<=16 on CZ no deck==1 batch-89
probe	B4	0.64328	0.79332	0.64152	200000	100	discard	exp UG TW TQ+min+3 confirm batch-89
probe	B4	0.64337	0.79376	0.64163	500000	100	discard	exp UH TQ total<=16 medium reconfirm batch-89
probe	B4	0.63607	0.78896	0.63431	200000	100	discard	exp UI pass when only trump throw-ins deck>=4 batch-90
probe	B4	0.62690	0.77741	0.62514	200000	100	discard	exp UJ pass when throw-in is sole trump batch-90
probe	B4	0.63607	0.78896	0.63431	200000	100	discard	exp UK pile trump dump deck<=1 only batch-90
probe	B4	0.63607	0.78896	0.63431	200000	100	discard	exp UL open lowest trump when void nt==0 deck>=3 batch-90
probe	B4	0.63256	0.78679	0.63080	200000	100	discard	exp UM defense take when n_table>=5 batch-90
probe	B4	0.63578	0.78878	0.63402	200000	100	discard	exp UN pile throw-in highest non-trump junk batch-91
probe	B4	0.63607	0.78896	0.63431	200000	100	discard	exp UO defense same-suit cover tie-break batch-91
probe	B4	0.63592	0.78926	0.63416	200000	100	discard	exp UP open shed heavy-suit tie-break batch-91
probe	B4	0.63607	0.78896	0.63431	200000	100	discard	exp UQ void bonus open -10 pile -5 batch-91
probe	B4	0.61289	0.77040	0.61113	200000	100	discard	exp UR pile pass when throw-in rank > mnt+4 batch-91
probe	B4	0.62820	0.77806	0.62644	200000	100	discard	exp UX strip requires trumps>=2 batch-92
probe	B4	0.62690	0.77741	0.62514	200000	100	discard	exp UY pile trump requires trumps>=2 batch-92
probe	B4	0.62455	0.77623	0.62279	200000	100	discard	exp UZ strip only when opp==1 batch-92
probe	B4	0.61762	0.77277	0.61586	200000	100	discard	exp VA pile trump when hand>=4 cards batch-92
probe	B4	0.63596	0.78894	0.63420	200000	100	discard	exp VB midgame pair only deck>=6 batch-92
probe	B4	0.63607	0.78896	0.63431	200000	100	discard	exp VC pile trump opp<=3 batch-93
probe	B4	0.63607	0.78896	0.63431	200000	100	discard	exp VD pile trump opp<=4 batch-93
probe	B4	0.63607	0.78896	0.63431	200000	100	discard	exp VE pile trump opp<=6 batch-93
probe	B4	0.63607	0.78896	0.63431	200000	100	discard	exp VF pile trump opp<=7 batch-93
probe	B4	0.63578	0.78876	0.63402	200000	100	discard	exp VG pile trump opp<=5 deck<=2 batch-93
probe	B4	0.60718	0.76755	0.60542	200000	100	discard	exp VC pile trump opp<=3 batch-93
probe	B4	0.61906	0.77349	0.61730	200000	100	discard	exp VD pile trump opp<=4 batch-93
probe	B4	0.63487	0.78797	0.63311	200000	100	discard	exp VE pile trump opp<=6 batch-93
probe	B4	0.63490	0.78799	0.63314	200000	100	discard	exp VF pile trump opp<=7 batch-93
probe	B4	0.63578	0.78876	0.63402	200000	100	discard	exp VG pile trump deck<=2 opp<=5 batch-93
probe	B4	0.63607	0.78896	0.63431	200000	100	discard	exp VH pile throw-in rank-match table bonus batch-94
probe	B4	0.63607	0.78896	0.63431	200000	100	discard	exp VI open pair prefer table-matching rank batch-94
probe	B4	0.62386	0.77589	0.62210	200000	100	discard	exp VJ pile pass when n_table>=4 batch-94
probe	B4	0.63607	0.78896	0.63431	200000	100	discard	exp VK strip only when n_table==0 batch-94
probe	B4	0.63607	0.78896	0.63431	200000	100	discard	exp VL defense trump only vs trump attack batch-94
probe	B4	0.64261	0.79329	0.64085	200000	100	discard	exp VM TQ endgame integration quick batch-95
probe	B4	0.64337	0.79376	0.64161	500000	100	discard	exp VM TQ endgame integration medium batch-95
probe	B4	0.59993	0.76392	0.59817	200000	100	discard	exp VN pile pass n_table>=3 batch-95
probe	B4	0.63259	0.78714	0.63083	200000	100	discard	exp VO pile pass n_table>=5 batch-95
probe	B4	0.53013	0.72902	0.52837	200000	100	discard	exp VP pile pass n_table>=2 batch-95
probe	B4	0.64261	0.79329	0.64085	200000	100	discard	exp VQ TQ+pile rank-match bonus batch-96
probe	B4	0.64337	0.79376	0.64161	500000	100	discard	exp VQ TQ+pile rank-match bonus medium batch-96
probe	B4	0.62853	0.77822	0.62677	200000	100	discard	exp VR TQ+pile opp<=4 batch-96
probe	B4	0.64253	0.79328	0.64077	200000	100	discard	exp VS TQ+midgame pair deck>=6 batch-96
probe	B4	0.64325	0.79371	0.64149	500000	100	discard	exp VS TQ+midgame pair deck>=6 medium batch-96
probe	B4	0.63112	0.77952	0.62936	200000	100	discard	exp VT TQ+strip opp==1 batch-96
probe	B4	0.64261	0.79329	0.64085	200000	100	discard	exp VU TQ dual seed0 control batch-96
probe	B4	0.64261	0.79328	0.64085	200000	100	discard	exp VU TQ dual seed1 control batch-96
probe	B4	0.64247	0.79324	0.64071	200000	100	discard	exp VV TQ deck>=6 total<=15 batch-97
probe	B4	0.64323	0.79368	0.64147	500000	100	discard	exp VV TQ deck>=6 total<=15 medium batch-97
probe	B4	0.64253	0.79328	0.64077	200000	100	discard	exp VW TQ deck>=6 total<=17 batch-97
probe	B4	0.64325	0.79371	0.64149	500000	100	discard	exp VW TQ deck>=6 total<=17 medium batch-97
probe	B4	0.64247	0.79324	0.64071	200000	100	discard	exp VX TQ deck>=6 total<=14 batch-97
probe	B4	0.64323	0.79368	0.64147	500000	100	discard	exp VX TQ deck>=6 total<=14 medium batch-97
probe	B4	0.64253	0.79328	0.64077	200000	100	discard	exp VY TQ deck>=6 total<=16 control batch-97
probe	B4	0.64325	0.79371	0.64149	500000	100	discard	exp VY TQ deck>=6 total<=16 control medium batch-97
probe	B4	0.64261	0.79329	0.64085	200000	100	discard	exp VZ TQ total<=16 medium seed check batch-97
probe	B4	0.64337	0.79376	0.64161	500000	100	discard	exp VZ TQ total<=16 medium seed check medium batch-97
probe	B4	0.55759	0.74275	0.55583	200000	100	discard	exp WA defense rank cap +2 over attack batch-98
probe	B4	0.63607	0.78896	0.63431	200000	100	discard	exp WB attack prefer table-matching rank dump batch-98
probe	B4	0.63592	0.78926	0.63416	200000	100	discard	exp WC open shed light-suit tie-break batch-98
probe	B4	0.63607	0.78896	0.63431	200000	100	discard	exp WD pile void bonus -12 open -5 batch-98
probe	B4	0.02875	0.47833	0.02699	200000	100	discard	exp WE defense take when cover cost > atk+8 batch-98
probe	B4	0.63448	0.78838	0.63272	200000	100	discard	exp WF midgame pair cap min+1 batch-99
probe	B4	0.63360	0.78873	0.63184	200000	100	discard	exp WG endgame pair skip min+4 batch-99
probe	B4	0.61906	0.77349	0.61730	200000	100	discard	exp WH pile trump opp<=4 batch-99
probe	B4	0.62820	0.77806	0.62644	200000	100	discard	exp WI strip trumps>=2 opp<=2 batch-99
probe	B4	0.63607	0.78896	0.63431	200000	100	discard	exp WJ void open -6 pile -10 batch-99
probe	B4	0.63607	0.78896	0.63431	200000	100	discard	exp WL open trump hoard deck>2 +200 penalty batch-100
probe	B4	0.63604	0.78894	0.63428	200000	100	discard	exp WM void bonus only when deck<=4 batch-100
probe	B4	0.64261	0.79329	0.64085	200000	100	discard	exp WN TQ control quick batch-100
probe	B4	0.64337	0.79376	0.64161	500000	100	discard	exp WN TQ control quick medium batch-100
probe	B4	0.62204	0.77498	0.62028	200000	100	discard	exp WO TQ+pile trump deck<=1 only batch-100
probe	B4	0.64261	0.79329	0.64085	200000	100	discard	exp WP TQ+pile rank-match batch-100
probe	B4	0.64337	0.79376	0.64161	500000	100	discard	exp WP TQ+pile rank-match medium batch-100
probe	B4	0.63112	0.77952	0.62936	200000	100	discard	exp WQ TQ strip opp==1 only batch-101
probe	B4	0.64396	0.79451	0.64220	200000	100	discard	exp WR TQ pile hand>=opp batch-101
probe	B4	0.64480	0.79505	0.64304	500000	100	discard	exp WR TQ pile hand>=opp medium batch-101
probe	B4	0.60407	0.76599	0.60231	200000	100	discard	exp WS TQ skip throw-in n_table>=3 batch-101
probe	B4	0.64256	0.79324	0.64080	200000	100	discard	exp WT TQ total gate <=14 batch-101
probe	B4	0.64334	0.79373	0.64158	500000	100	discard	exp WT TQ total gate <=14 medium batch-101
probe	B4	0.64257	0.79323	0.64081	200000	100	discard	exp WU TQ total gate <=18 batch-101
probe	B4	0.64330	0.79369	0.64154	500000	100	discard	exp WU TQ total gate <=18 medium batch-101
f5bb135	B4	0.64489	0.79506	0.64464	10000000	100	keep	exp WR TQ pile hand>=opp batch-101 full
probe	B4	0.64261	0.79329	0.64085	200000	100	discard	exp WX ABLATE hand>=opp off (TQ pile) batch-102
probe	B4	0.64396	0.79451	0.64220	200000	100	discard	exp WY COMBO WR+rank-match pile batch-102
probe	B4	0.59579	0.76185	0.59403	200000	100	discard	exp WZ SWEEP hand>opp pile gate batch-102
probe	B4	0.59579	0.76185	0.59403	200000	100	discard	exp XA SWEEP hand>=opp+1 pile gate batch-102
probe	B4	0.64387	0.79450	0.64211	200000	100	discard	exp XB COMBO WR+deck>=6 midgame pair batch-102
probe	B4	0.64386	0.79444	0.64210	200000	100	discard	exp XC ABLATE total<=16 gate off batch-103
probe	B4	0.63518	0.78155	0.63342	200000	100	discard	exp XD ABLATE strip opp<=2 off batch-103
probe	B4	0.62957	0.77874	0.62781	200000	100	discard	exp XE COMBO WR+pile opp<=4 batch-103
probe	B4	0.64382	0.79443	0.64206	200000	100	discard	exp XF PIVOT pile deck<=2 only batch-103
probe	B4	0.64389	0.79447	0.64213	200000	100	discard	exp XG SWEEP total gate <=14 batch-104
probe	B4	0.64389	0.79447	0.64213	200000	100	discard	exp XH SWEEP total gate <=15 batch-104
probe	B4	0.64396	0.79451	0.64220	200000	100	discard	exp XI SWEEP total gate <=17 batch-104
probe	B4	0.63743	0.78267	0.63567	200000	100	discard	exp XJ ABLATE deck==0 pair only batch-104
probe	B4	0.64396	0.79451	0.64220	200000	100	discard	exp XK COMBO WR void pile -10 batch-104
probe	B4	0.64377	0.79440	0.64201	200000	100	discard	exp XL PIVOT pile opp<=6 batch-104
probe	B4	0.62204	0.77498	0.62028	200000	100	discard	exp XM PIVOT pile trump deck==0 only batch-105
probe	B4	0.64284	0.79343	0.64108	200000	100	discard	exp XN PIVOT midgame pair min+1 cap batch-105
probe	B4	0.64396	0.79451	0.64220	200000	100	discard	exp XO PIVOT pile void rank-aware batch-105
probe	B4	0.62204	0.77498	0.62028	200000	100	discard	exp XP PIVOT pile pass only-trump deck>0 batch-106
probe	B4	0.64396	0.79451	0.64220	200000	100	discard	exp XQ PIVOT open lowest-suit tie-break batch-106
probe	B4	0.64265	0.79359	0.64089	200000	100	discard	exp XR PIVOT endgame pair skip min+2 batch-106
probe	B4	0.62350	0.77571	0.62174	200000	100	discard	exp XS PIVOT ultra-endgame pass hand==1 deck==0 batch-107
probe	B4	0.64666	0.79598	0.64490	200000	100	discard	exp XT PIVOT defense rank-match cover -3 batch-107
probe	B4	0.64480	0.79505	0.64304	500000	100	discard	exp XT PIVOT defense rank-match cover -3 medium batch-107
probe	B4	0.64396	0.79451	0.64220	400000	100	discard	exp XU WR dual seed reconfirm batch-107
probe	B4	0.64594	0.79559	0.64418	200000	100	discard	exp XV SWEEP defense rank-match -2 batch-108
probe	B4	0.64585	0.79560	0.64409	200000	100	discard	exp XW SWEEP defense rank-match -4 batch-108
probe	B4	0.64300	0.79426	0.64124	200000	100	discard	exp XX SWEEP defense rank-match -6 batch-108
probe	B4	0.64396	0.79451	0.64220	200000	100	discard	exp XY PIVOT pass hand==2 opp==1 deck==0 batch-108
probe	B4	0.64637	0.79595	0.64461	500000	100	discard	exp XW defense rank-match -4 medium confirm batch-109
probe	B4	0.64396	0.79451	0.64220	200000	100	discard	exp XZ PIVOT open trump hoard deck>=4 trumps>=3 batch-109
probe	B4	0.64397	0.79451	0.64221	200000	100	discard	exp YA PIVOT pile void only hand>=opp batch-109
probe	B4	0.64585	0.79560	0.64409	400000	100	discard	exp YB COMBO WR+defense rank-match -4 dual batch-110
probe	B4	0.64637	0.79595	0.64461	500000	100	discard	exp YB COMBO WR+defense rank-match -4 dual medium batch-110
probe	B4	0.63245	0.78018	0.63069	200000	100	discard	exp YC PIVOT strip opp==1 only on WR batch-110
probe	B4	0.64410	0.79458	0.64234	200000	100	discard	exp YD PIVOT midgame pair only hand>=opp on WR batch-110
probe	B4	0.63091	0.77941	0.62915	200000	100	discard	exp YE PIVOT pass throw-in n_table>=4 on WR batch-111
probe	B4	0.64390	0.79445	0.64214	200000	100	discard	exp YF PIVOT endgame pair total<=18 on WR batch-111
probe	B4	0.58440	0.75616	0.58264	200000	100	discard	exp YG ABLATE pile trump dump off batch-112
probe	B4	0.63980	0.78386	0.63804	200000	100	discard	exp YH ABLATE midgame pair path off batch-112
probe	B4	0.64382	0.79443	0.64206	200000	100	discard	exp YI ABLATE void penalty off batch-112
probe	B4	0.63743	0.78267	0.63567	200000	100	discard	exp YJ ABLATE deck<=2 pair (CZ deck==0 only) batch-112
probe	B4	0.63518	0.78155	0.63342	200000	100	discard	exp YK ABLATE strip opp<=2 off batch-112
probe	B4	0.64396	0.79451	0.64220	400000	100	discard	exp YP WR dual seed reconfirm batch-113
probe	B4	0.64379	0.79479	0.64203	200000	100	discard	exp YL PIVOT open shortest-suit dump tie-break batch-113
probe	B4	0.64396	0.79451	0.64220	200000	100	discard	exp YM PIVOT pile rank hand-depth bonus batch-113
probe	B4	0.64396	0.79451	0.64220	200000	100	discard	exp YN PIVOT defense tight-beat overkill penalty batch-113
probe	B4	0.64396	0.79451	0.64220	200000	100	discard	exp YO PIVOT open pass deck==0 opp==1 hand==2 batch-113
f5bb135	B3vsB2	0.50000	0.79506	0.50000	10000000	100	keep	WR post-plateau memory ablation batch-114
probe	B4	0.645940	0.795520	0.644180	200000	100	discard	exp ZA: defense keep non-trump pairs (jun25 b1 quick)
probe	B4	0.647010	0.796350	0.645270	200000	100	discard	exp ZB: defense reuse table rank -4 (jun25 b1 quick)
probe	B4	0.648390	0.797030	0.646650	1000000	100	discard	exp ZC: defense pair-keep + rank-reuse combo (jun25 b1 medium)
probe	B4	0.648740	0.798350	0.647000	1000000	100	discard	exp ZI: ZC + high-trump take rank>=7 deck>=6 (jun25 b1 medium)
probe	B4	0.648890	0.799240	0.647150	1000000	100	discard	exp ZK: ZC + take rank>=6 deck>=5 (jun25 b1 medium)
probe	B4	0.649520	0.800400	0.647780	200000	100	discard	exp ZM: ZC + take rank>=5 deck>=5 (jun25 b1 quick)
probe	B4	0.647820	0.800150	0.646080	1000000	100	discard	exp ZN: ZC + take rank>=4 deck>=5 (jun25 b1 medium)
ab2d08c	B4	0.648050	0.800250	0.647790	10000000	100	keep	exp ZN: defense shape-aware + high-trump conservation take (jun25 b1 full)
ab2d08c	B1	0.970460	0.800250	0.970360	10000000	100	keep	exp ZN: B1 ladder rung (jun25 b1 full)
ab2d08c	B0	0.975440	0.800250	0.975350	10000000	100	keep	exp ZN: B0 ladder rung (jun25 b1 full)
ab2d08c	B3vsB2	0.499200	0.800250	0.499130	10000000	100	keep	exp ZN memory ablation: defense shape uses no memory (jun25 b1)
probe	B4	0.683040	0.820010	0.681210	200000	100	discard	exp ZU: high-trump take widen n_table<=4 (jun25 b2 quick)
probe	B4	0.683350	0.820330	0.681520	200000	100	discard	exp ZV: take no n_table cap rank>=4 deck>=5 (jun25 b2 quick)
probe	B4	0.688000	0.823600	0.686160	200000	100	discard	exp ZW: take no cap rank>=3 deck>=5 PEAK (jun25 b2 quick)
probe	B4	0.686480	0.823610	0.684620	200000	100	discard	exp ZX: take rank>=2 flat-search higher-loss (jun25 b2 quick)
probe	B4	0.675580	0.817350	0.673710	200000	100	discard	exp ZY: take rank>=3 deck>=4 regress (jun25 b2 quick)
probe	B4	0.687400	0.822980	0.685560	200000	100	discard	exp ZZ: take rank>=3 deck>=6 slightly worse (jun25 b2 quick)
probe	B4	0.684910	0.821790	0.684080	1000000	100	discard	exp ZW: rank>=3 deck>=5 no-cap medium confirm (jun25 b2)
310bc72	B4	0.684940	0.821760	0.684680	10000000	100	keep	exp ZW: high-trump conservation take widened rank>=3 deck>=5 any pile (jun25 b2 full)
310bc72	B1	0.972600	0.821760	0.972500	10000000	100	keep	exp ZW: B1 ladder rung (jun25 b2 full)
310bc72	B0	0.987570	0.821760	0.987500	10000000	100	keep	exp ZW: B0 ladder rung (jun25 b2 full)
310bc72	B3vsB2	0.499150	0.821760	0.499070	10000000	100	keep	exp ZW memory ablation: conservation take uses no memory (jun25 b2)
